{
  "project_info": {
    "project_number": "256493973414",
    "firebase_url": "https://cmpt370-d22b0-default-rtdb.firebaseio.com",
    "project_id": "cmpt370-d22b0",
    "storage_bucket": "cmpt370-d22b0.appspot.com"
  },
  "client": [
    {
      "client_info": {
        "mobilesdk_app_id": "1:256493973414:android:155a37b68627cbca656967",
        "android_client_info": {
          "package_name": "com.example.cmpt370"
        }
      },
      "oauth_client": [
        {
          "client_id": "256493973414-3d213mdgili22lddgnk01jtieedesoja.apps.googleusercontent.com",
          "client_type": 3
        }
      ],
      "api_key": [
        {
          "current_key": "AIzaSyBLpmBCCvkTTPLAeX07DJgIMEhbd_PyuhM"
        }
      ],
      "services": {
        "appinvite_service": {
          "other_platform_oauth_client": [
            {
              "client_id": "256493973414-3d213mdgili22lddgnk01jtieedesoja.apps.googleusercontent.com",
              "client_type": 3
            }
          ]
        }
      }
    }
  ],
  "configuration_version": "1"
}